id,aquariumId,serverId,aquariumServerId,TestDateStr,TestDateMilis,TestTimeStr,TestTimeMilis,Note,TestDateTimeDate,TestDateTimeMilis,TestTemplateId,UserTestGroupId,usertestgroupServerid,UserTestGroupStr,value_temperature,value_ph,value_gh,value_kh,value_fe,value_no2,value_no3,value_nh3,value_nh4,value_po4,value_cl,value_cu,value_k,value_o2,value_co2,value_sio2,value_water_flow,value_ca,value_salinity,value_alkalinity,value_tds,value_orp,value_temperature_fahr,value_mg,value_ec,value_zn,value_b,value_mo,value_co,value_iodine,value_stront,value_sg,value_mn,value_silica,value_user_1,value_user_2,value_user_3,value_user_4,value_user_5,value_user_6,value_user_7,value_user_8,value_user_9,value_user_10,is_value_temperature,is_value_ph,is_value_gh,is_value_kh,is_value_fe,is_value_no2,is_value_no3,is_value_nh3,is_value_nh4,is_value_po4,is_value_cl,is_value_cu,is_value_k,is_value_o2,is_value_co2,is_value_sio2,is_value_water_flow,is_value_ca,is_value_salinity,is_value_alkalinity,is_value_tds,is_value_orp,is_value_mg,is_value_ec,is_value_zn,is_value_b,is_value_mo,is_value_co,is_value_iodine,is_value_stront,is_value_sg,is_value_mn,is_value_silica,is_value_user_1,is_value_user_2,is_value_user_3,is_value_user_4,is_value_user_5,is_value_user_6,is_value_user_7,is_value_user_8,is_value_user_9,is_value_user_10,LastServerSync
3,2,0,0,01/10/2018,1515564000000,"4:30 PM",-62167397400000,,"2018-01-10 10:30:00 +0000",1515580200000,0,0,0,<null>,78.4,8.23,0,0,0,0,0,0,0,25,0,0,0,0,0,0,0,405,34.4,7.3,0,0,0,1320,0,0,0,0,0,0,0,0,0,0,0,0,0,0,0,0,0,0,0,0,true,true,false,false,false,false,false,false,false,true,false,false,false,false,false,false,false,true,true,true,false,false,true,false,false,false,false,false,false,false,false,false,false,false,false,false,false,false,false,false,false,false,false,0
4,2,0,0,01/03/2018,1514959200000,"4:30 PM",-62167397400000,,"2018-01-03 10:30:00 +0000",1514975400000,0,0,0,<null>,77.9,8.28,0,0,0,0,0,0,0,24,0,0,0,0,0,0,0,391,34.3,7.6,0,0,0,1275,0,0,0,0,0,0,0,0,0,0,0,0,0,0,0,0,0,0,0,0,true,true,false,false,false,false,false,false,false,true,false,false,false,false,false,false,false,true,true,true,false,false,true,false,false,false,false,false,false,false,false,false,false,false,false,false,false,false,false,false,false,false,false,0
5,2,0,0,12/15/2017,1513317600000,"2:50 PM",-62167403400000,,"2017-12-15 08:50:00 +0000",1513327800000,0,0,0,<null>,78.4,8.18,0,0,0,0,0,0,0,0,0,0,0,0,0,0,0,397,34.7,8.2,0,0,0,0,0,0,0,0,0,0,0,0,0,0,0,0,0,0,0,0,0,0,0,0,true,true,false,false,false,false,false,false,false,false,false,false,false,false,false,false,false,true,true,true,false,false,false,false,false,false,false,false,false,false,false,false,false,false,false,false,false,false,false,false,false,false,false,0
6,2,0,0,12/06/2017,1512540000000,"4:30 PM",-62167397400000,,"2017-12-06 10:30:00 +0000",1512556200000,0,0,0,<null>,78,8.2,0,0,0,0,0,0,0,0,0,0,0,0,0,0,0,399,34.7,8.1,0,0,0,1290,0,0,0,0,0,0,0,0,0,0,0,0,0,0,0,0,0,0,0,0,true,true,false,false,false,false,false,false,false,false,false,false,false,false,false,false,false,true,true,true,false,false,true,false,false,false,false,false,false,false,false,false,false,false,false,false,false,false,false,false,false,false,false,0
7,2,0,0,11/22/2017,1511330400000,"3:00 PM",-62167402800000,,"2017-11-22 09:00:00 +0000",1511341200000,0,0,0,<null>,78,8.15,0,0,0,0,2,0,0,6,0,0,0,0,0,0,0,403,34,7.5,0,0,0,1245,0,0,0,0,0,0,0,0,0,0,0,0,0,0,0,0,0,0,0,0,true,true,false,false,false,false,true,false,false,true,false,false,false,false,false,false,false,true,true,true,false,false,true,false,false,false,false,false,false,false,false,false,false,false,false,false,false,false,false,false,false,false,false,0
8,2,0,0,11/17/2017,1510898400000,"1:20 PM",-62167408800000,,"2017-11-17 07:20:00 +0000",1510903200000,0,0,0,<null>,77.9,8.24,0,0,0,0,0,0,0,13,0,0,0,0,0,0,0,470,34.7,8,0,0,0,1245,0,0,0,0,0,0,0,0,0,0,0,0,0,0,0,0,0,0,0,0,true,true,false,false,false,false,true,false,false,true,false,false,false,false,false,false,false,true,true,true,false,false,true,false,false,false,false,false,false,false,false,false,false,false,false,false,false,false,false,false,false,false,false,0
9,2,0,0,11/10/2017,1510293600000,"5:30 PM",-62167393800000,,"2017-11-10 11:30:00 +0000",1510313400000,0,0,0,<null>,77.9,8.01,0,0,0,0,0.2,0,0,13,0,0,0,0,0,0,0,419,34.7,8.2,0,0,0,1185,0,0,0,0,0,0,0,0,0,0,0,0,0,0,0,0,0,0,0,0,true,true,false,false,false,false,true,false,false,true,false,false,false,false,false,false,false,true,true,true,false,false,true,false,false,false,false,false,false,false,false,false,false,false,false,false,false,false,false,false,false,false,false,0
10,2,0,0,11/03/2017,1509685200000,"4:25 PM",-62167397700000,,"2017-11-03 09:25:00 +0000",1509701100000,0,0,0,<null>,78.4,7.9,0,0,0,0,0,0,0,148,0,0,0,0,0,0,0,419,34.8,8.6,0,0,0,1200,0,0,0,0,0,0,0,0,0,0,0,0,0,0,0,0,0,0,0,0,true,true,false,false,false,false,false,false,false,true,false,false,false,false,false,false,false,true,true,true,false,false,true,false,false,false,false,false,false,false,false,false,false,false,false,false,false,false,false,false,false,false,false,0
11,2,0,0,10/27/2017,1509080400000,"4:50 PM",-62167396200000,,"2017-10-27 09:50:00 +0000",1509097800000,0,0,0,<null>,78,7.95,0,0,0,0,0,0,0,189,0,0,0,0,0,0,0,391,33.4,8.3,0,0,0,1200,0,0,0,0,0,0,0,0,0,0,0,0,0,0,0,0,0,0,0,0,true,true,false,false,false,false,false,false,false,true,false,false,false,false,false,false,false,true,true,true,false,false,true,false,false,false,false,false,false,false,false,false,false,false,false,false,false,false,false,false,false,false,false,0
12,2,0,0,10/13/2017,1507870800000,"4:30 PM",-62167397400000,,"2017-10-13 09:30:00 +0000",1507887000000,0,0,0,<null>,78.4,8,0,0,0,0,0,0,0,138,0,0,0,0,0,0,0,411,34.7,8.9,0,0,0,0,0,0,0,0,0,0,0,0,0,0,0,0,0,0,0,0,0,0,0,0,true,true,false,false,false,false,false,false,false,true,false,false,false,false,false,false,false,true,true,true,false,false,false,false,false,false,false,false,false,false,false,false,false,false,false,false,false,false,false,false,false,false,false,0
13,2,0,0,01/24/2018,1516770000000,"4:29 PM",-62167401011385,,"2018-01-24 09:29:48 +0000",1516786188615,0,0,0,<null>,78.2,8.14,0,0,0,0,0,0,0,41,0,0,0,0,0,0,0,384,34.3,7.1,0,0,0,1320,0,0,0,0,0,0,0,0,0,0,0,0,0,0,0,0,0,0,0,0,true,true,false,false,false,false,false,false,false,true,false,false,false,false,false,false,false,true,true,true,false,false,true,false,false,false,false,false,false,false,false,false,false,false,false,false,false,false,false,false,false,false,false,0
14,2,0,0,01/17/2018,1516168800000,"2:40 PM",-62167404000000,,"2018-01-17 08:40:00 +0000",1516178400000,0,0,0,<null>,78.4,8.28,0,0,0,0,0,0,0,25,0,0,0,0,0,0,0,408,34.3,7.2,0,0,0,1230,0,0,0,0,0,0,0,0,0,0,0,0,0,0,0,0,0,0,0,0,true,true,false,false,false,false,false,false,false,true,false,false,false,false,false,false,false,true,true,true,false,false,true,false,false,false,false,false,false,false,false,false,false,false,false,false,false,false,false,false,false,false,false,0
15,2,0,0,01/30/2018,1517374800000,"3:45 PM",-62167400100000,,"2018-01-30 21:45:00 +0000",1517348700000,0,0,0,<null>,77.7,8.04,0,0,0,0,0,0,0,40,0,0,0,0,0,0,0,422,35.3,7.9,0,0,0,1305,0,0,0,0,0,0,0,0,0,0,0,0,0,0,0,0,0,0,0,0,true,true,false,false,false,false,false,false,false,true,false,false,false,false,false,false,false,true,true,true,false,false,true,false,false,false,false,false,false,false,false,false,false,false,false,false,false,false,false,false,false,false,false,0
16,2,0,0,02/07/2018,1517983200000,"4:00 PM",-62167399200000,,"2018-02-07 10:00:00 +0000",1517997600000,0,0,0,<null>,78,8.2,0,0,0,0,0,0,0,84,0,0,0,0,0,0,0,430,35.4,8.4,0,0,0,1395,0,0,0,0,0,0,0,0,0,0,0,0,0,0,0,0,0,0,0,0,true,true,false,false,false,false,false,false,false,true,false,false,false,false,false,false,false,true,true,true,false,false,true,false,false,false,false,false,false,false,false,false,false,false,false,false,false,false,false,false,false,false,false,0
17,2,0,0,02/14/2018,1518584400000,"4:43 PM",-62167400162500,,"2018-02-14 09:43:57 +0000",1518601437500,0,0,0,<null>,78.4,8,0,0,0,0,0,0,0,11,0,0,0,0,0,0,0,412,34.8,7.2,0,0,0,1305,0,0,0,0,0,0,0,0,0,0,0,0,0,0,0,0,0,0,0,0,true,true,false,false,false,false,false,false,false,true,false,false,false,false,false,false,false,true,true,true,false,false,true,false,false,false,false,false,false,false,false,false,false,false,false,false,false,false,false,false,false,false,false,0
18,2,0,0,02/23/2018,1519362000000,"4:39 PM",-62167400415876,,"2018-02-23 09:39:44 +0000",1519378784124,0,0,0,<null>,78.4,8.2,0,0,0,0,0,0,0,42,0,0,0,0,0,0,0,413,34.6,7.9,0,0,0,1335,0,0,0,0,0,0,0,0,0,0,0,0,0,0,0,0,0,0,0,0,true,true,false,false,false,false,false,false,false,true,false,false,false,false,false,false,false,true,true,true,false,false,true,false,false,false,false,false,false,false,false,false,false,false,false,false,false,false,false,false,false,false,false,0
19,2,0,0,02/28/2018,1519794000000,"5:34 PM",-62167397150950,,"2018-02-28 10:34:09 +0000",1519814049050,0,0,0,<null>,78.4,8.1,0,0,0,0,0.2,0,0,10,0,0,0,0,0,0,0,411,34.5,7.3,0,0,0,1350,0,0,0,0,0,0,0,0,0,0,0,0,0,0,0,0,0,0,0,0,true,true,false,false,false,false,true,false,false,true,false,false,false,false,false,false,false,true,true,true,false,false,true,false,false,false,false,false,false,false,false,false,false,false,false,false,false,false,false,false,false,false,false,0
20,2,0,0,03/07/2018,1520398800000,"5:01 PM",-62167399091003,,"2018-03-07 10:01:48 +0000",1520416908997,0,0,0,<null>,78.4,8.3,0,0,0,0,0,0,0,7,0,0,0,0,0,0,0,438,35,7.6,0,0,0,1350,0,0,0,0,0,0,0,0,0,0,0,0,0,0,0,0,0,0,0,0,true,true,false,false,false,false,false,false,false,true,false,false,false,false,false,false,false,true,true,true,false,false,true,false,false,false,false,false,false,false,false,false,false,false,false,false,false,false,false,false,false,false,false,0
21,2,0,0,03/14/2018,1521000000000,"4:41 PM",-62167400297467,"Used new Hanna pH tester ","2018-03-14 08:41:42 +0000",1521016902533,0,0,0,<null>,78.6,8.15,0,0,0,0,0,0,0,11,0,0,0,0,0,0,0,403,36,7.9,0,0,0,1305,0,0,0,0,0,0,0,0,0,0,0,0,0,0,0,0,0,0,0,0,true,true,false,false,false,false,false,false,false,true,false,false,false,false,false,false,false,true,true,true,false,false,true,false,false,false,false,false,false,false,false,false,false,false,false,false,false,false,false,false,false,false,false,0
22,2,0,0,03/23/2018,1521777600000,"2:09 PM",-62167409455651,"ph could be off ","2018-03-23 06:09:04 +0000",1521785344349,0,0,0,<null>,78.4,8.39,0,0,0,0,0,0,0,10,0,0,0,0,0,0,0,406,35,7.3,0,0,0,1350,0,0,0,0,0,0,0,0,0,0,0,0,0,0,0,0,0,0,0,0,true,true,false,false,false,false,false,false,false,true,false,false,false,false,false,false,false,true,true,true,false,false,true,false,false,false,false,false,false,false,false,false,false,false,false,false,false,false,false,false,false,false,false,0
23,2,0,0,03/28/2018,1522209600000,"4:54 PM",-62167399514680,,"2018-03-28 08:54:45 +0000",1522227285320,0,0,0,<null>,78.4,8.2,0,0,0,0,0,0,0,1,0,0,0,0,0,0,0,402,36,7.3,0,0,0,1350,0,0,0,0,0,0,0,0,0,0,0,0,0,0,0,0,0,0,0,0,true,true,false,false,false,false,false,false,false,true,false,false,false,false,false,false,false,true,true,true,false,false,true,false,false,false,false,false,false,false,false,false,false,false,false,false,false,false,false,false,false,false,false,0
24,2,0,0,04/04/2018,1522814400000,"4:34 PM",-62167400717160,,"2018-04-04 08:34:42 +0000",1522830882840,0,0,0,<null>,78.4,8.34,0,0,0,0,0,0,0,10,0,0,0,0,0,0,0,404,36,8.6,0,0,0,1350,0,0,0,0,0,0,0,0,0,0,0,0,0,0,0,0,0,0,0,0,true,true,false,false,false,false,false,false,false,true,false,false,false,false,false,false,false,true,true,true,false,false,true,false,false,false,false,false,false,false,false,false,false,false,false,false,false,false,false,false,false,false,false,0
25,2,0,0,04/11/2018,1523419200000,"5:23 PM",-62167397766575,"ph could be off ","2018-04-11 09:23:53 +0000",1523438633425,0,0,0,<null>,78.4,8.35,0,0,0,0,0,0,0,13,0,0,0,0,0,0,0,388,36,8.3,0,0,0,1350,0,0,0,0,0,0,0,0,0,0,0,0,0,0,0,0,0,0,0,0,true,true,false,false,false,false,false,false,false,true,false,false,false,false,false,false,false,true,true,true,false,false,true,false,false,false,false,false,false,false,false,false,false,false,false,false,false,false,false,false,false,false,false,0
26,2,0,0,04/18/2018,1524024000000,"4:35 PM",-62167400653539,"ph could be off by 0.5","2018-04-18 08:35:46 +0000",1524040546461,0,0,0,<null>,78.5,8.41,0,0,0,0,0,0,0,27,0,0,0,0,0,0,0,407,35,8.1,0,0,0,1305,0,0,0,0,0,0,0,0,0,0,0,0,0,0,0,0,0,0,0,0,true,true,false,false,false,false,false,false,false,true,false,false,false,false,false,false,false,true,true,true,false,false,true,false,false,false,false,false,false,false,false,false,false,false,false,false,false,false,false,false,false,false,false,0
27,2,0,0,04/25/2018,1524628800000,"5:08 PM",-62167398702716,"Tested immediately after water change, circulated water for 10 minutes. 
ph could be off by 0.5","2018-04-25 09:08:17 +0000",1524647297284,0,0,0,<null>,78.4,8.44,0,0,0,0,0,0,0,7,0,0,0,0,0,0,0,404,35,8.2,0,0,0,1350,0,0,0,0,0,0,0,0,0,0,0,0,0,0,0,0,0,0,0,0,true,true,false,false,false,false,false,false,false,true,false,false,false,false,false,false,false,true,true,true,false,false,true,false,false,false,false,false,false,false,false,false,false,false,false,false,false,false,false,false,false,false,false,0
28,2,0,0,05/02/2018,1525233600000,"4:23 PM",-62167401376715,"ph could be off by 0.5","2018-05-02 08:23:43 +0000",1525249423285,0,0,0,<null>,78.6,8.5,0,0,0,0,0,0,0,7,0,0,0,0,0,0,0,392,36,7.6,0,0,0,1320,0,0,0,0,0,0,0,0,0,0,0,0,0,0,0,0,0,0,0,0,true,true,false,false,false,false,false,false,false,true,false,false,false,false,false,false,false,true,true,true,false,false,true,false,false,false,false,false,false,false,false,false,false,false,false,false,false,false,false,false,false,false,false,0
29,2,0,0,05/09/2018,1525838400000,"5:58 PM",-62167395685447,"ph could be off by 0.5","2018-05-09 09:58:34 +0000",1525859914553,0,0,0,<null>,79,8.43,0,0,0,0,0,0,0,9,0,0,0,0,0,0,0,396,36,8.3,0,0,0,1320,0,0,0,0,0,0,0,0,0,0,0,0,0,0,0,0,0,0,0,0,true,true,false,false,false,false,false,false,false,true,false,false,false,false,false,false,false,true,true,true,false,false,true,false,false,false,false,false,false,false,false,false,false,false,false,false,false,false,false,false,false,false,false,0
30,2,0,0,05/16/2018,1526443200000,"4:36 PM",-62167400619954,,"2018-05-16 08:36:20 +0000",1526459780046,0,0,0,<null>,79,8,0,0,0,0,0,0,0,21,0,0,0,0,0,0,0,393,36,8.1,0,0,0,1335,0,0,0,0,0,0,0,0,0,0,0,0,0,0,0,0,0,0,0,0,true,true,false,false,false,false,false,false,false,true,false,false,false,false,false,false,false,true,true,true,false,false,true,false,false,false,false,false,false,false,false,false,false,false,false,false,false,false,false,false,false,false,false,0
31,2,0,0,05/23/2018,1527048000000,"4:13 PM",-62167398377279,"after chemiclean was dosed ","2018-05-23 08:13:42 +0000",1527063222721,0,0,0,<null>,78.4,8.06,0,0,0,0,0.2,0,0,3,0,0,0,0,0,0,0,398,36,7.7,0,0,0,1335,0,0,0,0,0,0,0,0,0,0,0,0,0,0,0,0,0,0,0,0,true,true,false,false,false,false,true,false,false,true,false,false,false,false,false,false,false,true,true,true,false,false,true,false,false,false,false,false,false,false,false,false,false,false,false,false,false,false,false,false,false,false,false,0
32,2,0,0,05/30/2018,1527652800000,"4:24 PM",-62167401327035,,"2018-05-30 08:24:32 +0000",1527668672965,0,0,0,<null>,78.6,8.05,0,0,0,0,0,0,0,0,0,0,0,0,0,0,0,356,36,7.3,0,0,0,1305,0,0,0,0,0,0,0,0,0,0,0,0,0,0,0,0,0,0,0,0,true,true,false,false,false,false,false,false,false,true,false,false,false,false,false,false,false,true,true,true,false,false,true,false,false,false,false,false,false,false,false,false,false,false,false,false,false,false,false,false,false,false,false,0
33,2,0,0,06/05/2018,1528171200000,"4:40 PM",-62167400344089,,"2018-06-05 08:40:55 +0000",1528188055911,0,0,0,<null>,78.5,8.28,0,0,0,0,2.5,0,0,0,0,0,0,0,0,0,0,393,36,8,0,0,0,1320,0,0,0,0,0,0,0,0,0,0,0,0,0,0,0,0,0,0,0,0,true,true,false,false,false,false,true,false,false,true,false,false,false,false,false,false,false,true,true,true,false,false,true,false,false,false,false,false,false,false,false,false,false,false,false,false,false,false,false,false,false,false,false,0
34,2,0,0,06/13/2018,1528862400000,"5:10 PM",-62167398551142,,"2018-06-13 09:10:48 +0000",1528881048858,0,0,0,<null>,78.6,8.02,0,0,0,0,1,0,0,0,0,0,0,0,0,0,0,465,36,7.1,0,0,0,1305,0,0,0,0,0,0,0,0,0,0,0,0,0,0,0,0,0,0,0,0,true,true,false,false,false,false,true,false,false,true,false,false,false,false,false,false,false,true,true,true,false,false,true,false,false,false,false,false,false,false,false,false,false,false,false,false,false,false,false,false,false,false,false,0
35,2,0,0,06/20/2018,1529467200000,"5:18 PM",-62167398112802,,"2018-06-20 09:18:07 +0000",1529486287198,0,0,0,<null>,78.6,8.09,0,0,0,0,2.5,0,0,4,0,0,0,0,0,0,0,408,36,7.2,0,0,0,1275,0,0,0,0,0,0,0,0,0,0,0,0,0,0,0,0,0,0,0,0,true,true,false,false,false,false,true,false,false,true,false,false,false,false,false,false,false,true,true,true,false,false,true,false,false,false,false,false,false,false,false,false,false,false,false,false,false,false,false,false,false,false,false,0
36,2,0,0,06/27/2018,1530072000000,"4:05 PM",-62167402462876,,"2018-06-27 08:05:37 +0000",1530086737124,0,0,0,<null>,78.4,8.08,0,0,0,0,2.5,0,0,0,0,0,0,0,0,0,0,406,36,6.8,0,0,0,1275,0,0,0,0,0,0,0,0,0,0,0,0,0,0,0,0,0,0,0,0,true,true,false,false,false,false,true,false,false,true,false,false,false,false,false,false,false,true,true,true,false,false,true,false,false,false,false,false,false,false,false,false,false,false,false,false,false,false,false,false,false,false,false,0
37,2,0,0,07/03/2018,1530590400000,"11:50 AM",-62167417744756,,"2018-07-03 15:50:55 +0000",1530633055244,0,0,0,<null>,78.3,8.06,0,0,0,0,2.5,0,0,7,0,0,0,0,0,0,0,377,36,5.7,0,0,0,1290,0,0,0,0,0,0,0,0,0,0,0,0,0,0,0,0,0,0,0,0,true,true,false,false,false,false,true,false,false,true,false,false,false,false,false,false,false,true,true,true,false,false,true,false,false,false,false,false,false,false,false,false,false,false,false,false,false,false,false,false,false,false,false,0
38,2,0,0,07/11/2018,1531281600000,"4:33 PM",-62167400798502,,"2018-07-11 08:33:21 +0000",1531298001498,0,0,0,<null>,78.4,8.22,0,0,0,0,2.5,0,0,0,0,0,0,0,0,0,0,371,36,7.7,0,0,0,1335,0,0,0,0,0,0,0,0,0,0,0,0,0,0,0,0,0,0,0,0,true,true,false,false,false,false,true,false,false,true,false,false,false,false,false,false,false,true,true,true,false,false,true,false,false,false,false,false,false,false,false,false,false,false,false,false,false,false,false,false,false,false,false,0
39,2,0,0,07/18/2018,1531886400000,"3:49 PM",-62167403434229,,"2018-07-18 07:49:25 +0000",1531900165771,0,0,0,<null>,78.6,8.18,0,0,0,0,2.5,0,0,9,0,0,0,0,0,0,0,375,36,8.2,0,0,0,1350,0,0,0,0,0,0,0,0,0,0,0,0,0,0,0,0,0,0,0,0,true,true,false,false,false,false,true,false,false,true,false,false,false,false,false,false,false,true,true,true,false,false,true,false,false,false,false,false,false,false,false,false,false,false,false,false,false,false,false,false,false,false,false,0
40,2,0,0,07/25/2018,1532491200000,"4:45 PM",-62167400061818,,"2018-07-25 08:45:38 +0000",1532508338182,0,0,0,<null>,78.4,8.26,0,0,0,0,2.5,0,0,2,0,0,0,0,0,0,0,399,36,8.4,0,0,0,1335,0,0,0,0,0,0,0,0,0,0,0,0,0,0,0,0,0,0,0,0,true,true,false,false,false,false,true,false,false,true,false,false,false,false,false,false,false,true,true,true,false,false,true,false,false,false,false,false,false,false,false,false,false,false,false,false,false,false,false,false,false,false,false,0
41,2,0,0,08/01/2018,1533096000000,"4:12 PM",-62167402079454,"nyos nitrate test kit","2018-08-01 08:12:00 +0000",1533111120546,0,0,0,<null>,78.3,8.3,0,0,0,0,0,0,0,1,0,0,0,0,0,0,0,415,36,8.6,0,0,0,1335,0,0,0,0,0,0,0,0,0,0,0,0,0,0,0,0,0,0,0,0,true,true,false,false,false,false,true,false,false,true,false,false,false,false,false,false,false,true,true,true,false,false,true,false,false,false,false,false,false,false,false,false,false,false,false,false,false,false,false,false,false,false,false,0
42,2,0,0,08/08/2018,1533700800000,"3:50 PM",-62167403371138,,"2018-08-08 07:50:28 +0000",1533714628862,0,0,0,<null>,78.5,8.31,0,0,0,0,0,0,0,5,0,0,0,0,0,0,0,409,36,8.4,0,0,0,1335,0,0,0,0,0,0,0,0,0,0,0,0,0,0,0,0,0,0,0,0,true,true,false,false,false,false,true,false,false,true,false,false,false,false,false,false,false,true,true,true,false,false,true,false,false,false,false,false,false,false,false,false,false,false,false,false,false,false,false,false,false,false,false,0
43,2,0,0,08/17/2018,1534478400000,"4:38 PM",-62167400497067,,"2018-08-17 08:38:22 +0000",1534495102933,0,0,0,<null>,78.4,8.27,0,0,0,0,0,0,0,13,0,0,0,0,0,0,0,424,36,9.6,0,0,0,1305,0,0,0,0,0,0,0,0,0,0,0,0,0,0,0,0,0,0,0,0,true,true,false,false,false,false,true,false,false,true,false,false,false,false,false,false,false,true,true,true,false,false,true,false,false,false,false,false,false,false,false,false,false,false,false,false,false,false,false,false,false,false,false,0
44,2,0,0,08/24/2018,1535083200000,"4:41 PM",-62167400297596,,"2018-08-24 08:41:42 +0000",1535100102404,0,0,0,<null>,78.3,8.29,0,0,0,0,0,0,0,4,0,0,0,0,0,0,0,402,36,9.7,0,0,0,1320,0,0,0,0,0,0,0,0,0,0,0,0,0,0,0,0,0,0,0,0,true,true,false,false,false,false,true,false,false,true,false,false,false,false,false,false,false,true,true,true,false,false,true,false,false,false,false,false,false,false,false,false,false,false,false,false,false,false,false,false,false,false,false,0
45,2,0,0,08/31/2018,1535688000000,"4:44 PM",-62167400127227,,"2018-08-31 08:44:32 +0000",1535705072773,0,0,0,<null>,78.5,8.27,0,0,0,0,0,0,0,10,0,0,0,0,0,0,0,407,36,9.5,0,0,0,1320,0,0,0,0,0,0,0,0,0,0,0,0,0,0,0,0,0,0,0,0,true,true,false,false,false,false,false,false,false,true,false,false,false,false,false,false,false,true,true,true,false,false,true,false,false,false,false,false,false,false,false,false,false,false,false,false,false,false,false,false,false,false,false,0
46,2,0,0,09/05/2018,1536120000000,"4:10 PM",-62167402182580,,"2018-09-05 08:10:17 +0000",1536135017420,0,0,0,<null>,78.5,8.32,0,0,0,0,0,0,0,6,0,0,0,0,0,0,0,396,36,8.4,0,0,0,1320,0,0,0,0,0,0,0,0,0,0,0,0,0,0,0,0,0,0,0,0,true,true,false,false,false,false,false,false,false,true,false,false,false,false,false,false,false,true,true,true,false,false,true,false,false,false,false,false,false,false,false,false,false,false,false,false,false,false,false,false,false,false,false,0
47,2,0,0,09/14/2018,1536897600000,"4:27 PM",-62167401147549,,"2018-09-14 08:27:32 +0000",1536913652451,0,0,0,<null>,78.4,8.28,0,0,0,0,0,0,0,10,0,0,0,0,0,0,0,408,37,8.3,0,0,0,1335,0,0,0,0,0,0,0,0,0,0,0,0,0,0,0,0,0,0,0,0,true,true,false,false,false,false,false,false,false,true,false,false,false,false,false,false,false,true,true,true,false,false,true,false,false,false,false,false,false,false,false,false,false,false,false,false,false,false,false,false,false,false,false,0
48,2,0,0,09/19/2018,1537333200000,"3:35 PM",-62167400686830,,"2018-09-19 08:35:13 +0000",1537346113170,0,0,0,<null>,78.6,8.33,0,0,0,0,0,0,0,3,0,0,0,0,0,0,0,401,36,7.9,0,0,0,1350,0,0,0,0,0,0,0,0,0,0,0,0,0,0,0,0,0,0,0,0,true,true,false,false,false,false,false,false,false,true,false,false,false,false,false,false,false,true,true,true,false,false,true,false,false,false,false,false,false,false,false,false,false,false,false,false,false,false,false,false,false,false,false,0
49,2,0,0,09/26/2018,1537934400000,"4:09 PM",-62167402227295,,"2018-09-26 08:09:32 +0000",1537949372705,0,0,0,<null>,78.3,8.32,0,0,0,0,0,0,0,1,0,0,0,0,0,0,0,400,37,8.6,0,0,0,1410,0,0,0,0,0,0,0,0,0,0,0,0,0,0,0,0,0,0,0,0,true,true,false,false,false,false,false,false,false,true,false,false,false,false,false,false,false,true,true,true,false,false,true,false,false,false,false,false,false,false,false,false,false,false,false,false,false,false,false,false,false,false,false,0
50,2,0,0,10/03/2018,1538539200000,"4:07 PM",-62167402350512,,"2018-10-03 08:07:29 +0000",1538554049488,0,0,0,<null>,78.6,8.34,0,0,0,0,0,0,0,4,0,0,0,0,0,0,0,407,36,8.7,0,0,0,1350,0,0,0,0,0,0,0,0,0,0,0,0,0,0,0,0,0,0,0,0,true,true,false,false,false,false,false,false,false,true,false,false,false,false,false,false,false,true,true,true,false,false,true,false,false,false,false,false,false,false,false,false,false,false,false,false,false,false,false,false,false,false,false,0
51,2,0,0,10/12/2018,1539316800000,"4:01 PM",-62167402739374,,"2018-10-12 08:01:00 +0000",1539331260626,0,0,0,<null>,78.5,8.32,0,0,0,0,0,0,0,10,0,0,0,0,0,0,0,399,36,10.6,0,0,0,1380,0,0,0,0,0,0,0,0,0,0,0,0,0,0,0,0,0,0,0,0,true,true,false,false,false,false,false,false,false,true,false,false,false,false,false,false,false,true,true,true,false,false,true,false,false,false,false,false,false,false,false,false,false,false,false,false,false,false,false,false,false,false,false,0
52,2,0,0,10/19/2018,1539921600000,"4:15 PM",-62167398247676,,"2018-10-19 08:15:52 +0000",1539936952324,0,0,0,<null>,78.4,8.29,0,0,0,0,0,0,0,1,0,0,0,0,0,0,0,409,36,10.2,0,0,0,1335,0,0,0,0,0,0,0,0,0,0,0,0,0,0,0,0,0,0,0,0,true,true,false,false,false,false,false,false,false,true,false,false,false,false,false,false,false,true,true,true,false,false,true,false,false,false,false,false,false,false,false,false,false,false,false,false,false,false,false,false,false,false,false,0
53,2,0,0,10/26/2018,1540526400000,"4:43 PM",-62167400206494,,"2018-10-26 08:43:13 +0000",1540543393506,0,0,0,<null>,78.4,8.19,0,0,0,0,0,0,0,12,0,0,0,0,0,0,0,407,36,9,0,0,0,1350,0,0,0,0,0,0,0,0,0,0,0,0,0,0,0,0,0,0,0,0,true,true,false,false,false,false,false,false,false,true,false,false,false,false,false,false,false,true,true,true,false,false,true,false,false,false,false,false,false,false,false,false,false,false,false,false,false,false,false,false,false,false,false,0
54,2,0,0,11/02/2018,1541131200000,"4:53 PM",-62167399599188,,"2018-11-02 08:53:20 +0000",1541148800812,0,0,0,<null>,78.3,8.22,0,0,0,0,0,0,0,8,0,0,0,0,0,0,0,398,36,9.3,0,0,0,1335,0,0,0,0,0,0,0,0,0,0,0,0,0,0,0,0,0,0,0,0,true,true,false,false,false,false,false,false,false,true,false,false,false,false,false,false,false,true,true,true,false,false,true,false,false,false,false,false,false,false,false,false,false,false,false,false,false,false,false,false,false,false,false,0
55,2,0,0,11/07/2018,1541566800000,"4:07 PM",-62167402370954,,"2018-11-07 09:07:09 +0000",1541581629046,0,0,0,<null>,78.2,8.36,0,0,0,0,0,0,0,5,0,0,0,0,0,0,0,390,36,8.4,0,0,0,1335,0,0,0,0,0,0,0,0,0,0,0,0,0,0,0,0,0,0,0,0,true,true,false,false,false,false,false,false,false,true,false,false,false,false,false,false,false,true,true,true,false,false,true,false,false,false,false,false,false,false,false,false,false,false,false,false,false,false,false,false,false,false,false,0
56,2,0,0,11/16/2018,1542344400000,"4:17 PM",-62167401778259,,"2018-11-16 09:17:01 +0000",1542359821741,0,0,0,<null>,78,8.3,0,0,0,0,0,0,0,9,0,0,0,0,0,0,0,382,36,9.2,0,0,0,1335,0,0,0,0,0,0,0,0,0,0,0,0,0,0,0,0,0,0,0,0,true,true,false,false,false,false,false,false,false,true,false,false,false,false,false,false,false,true,true,true,false,false,true,false,false,false,false,false,false,false,false,false,false,false,false,false,false,false,false,false,false,false,false,0
57,2,0,0,11/28/2018,1543381200000,"4:26 PM",-62167401207761,"post 15 gallon water change ","2018-11-28 09:26:32 +0000",1543397192239,0,0,0,<null>,77,8.42,0,0,0,0,0,0,0,11,0,0,0,0,0,0,0,387,35,8.2,0,0,0,1305,0,0,0,0,0,0,0,0,0,0,0,0,0,0,0,0,0,0,0,0,true,true,false,false,false,false,false,false,false,true,false,false,false,false,false,false,false,true,true,true,false,false,true,false,false,false,false,false,false,false,false,false,false,false,false,false,false,false,false,false,false,false,false,0
58,2,0,0,12/05/2018,1543986000000,"4:31 PM",-62167400890333,,"2018-12-05 09:31:49 +0000",1544002309667,0,0,0,<null>,78.6,8.44,0,0,0,0,0,0,0,8,0,0,0,0,0,0,0,430,35,9.8,0,0,0,1260,0,0,0,0,0,0,0,0,0,0,0,0,0,0,0,0,0,0,0,0,true,true,false,false,false,false,false,false,false,true,false,false,false,false,false,false,false,true,true,true,false,false,true,false,false,false,false,false,false,false,false,false,false,false,false,false,false,false,false,false,false,false,false,0
59,2,0,0,12/12/2018,1544590800000,"4:30 PM",-62167400958158,"Recalibrated pH probe prior to testing ","2018-12-12 09:30:41 +0000",1544607041842,0,0,0,<null>,78.4,8.11,0,0,0,0,0,0,0,1,0,0,0,0,0,0,0,396,36,9.1,0,0,0,1320,0,0,0,0,0,0,0,0,0,0,0,0,0,0,0,0,0,0,0,0,true,true,false,false,false,false,false,false,false,true,false,false,false,false,false,false,false,true,true,true,false,false,true,false,false,false,false,false,false,false,false,false,false,false,false,false,false,false,false,false,false,false,false,0
60,2,0,0,12/28/2018,1545973200000,"11:52 AM",-62167417620061,"no dosing for a week while on vacation ","2018-12-28 16:52:59 +0000",1546015979939,0,0,0,<null>,78.2,7.97,0,0,0,0,0,0,0,0,0,0,0,0,0,0,0,397,35,5.6,0,0,0,1275,0,0,0,0,0,0,0,0,0,0,0,0,0,0,0,0,0,0,0,0,true,true,false,false,false,false,false,false,false,true,false,false,false,false,false,false,false,true,true,true,false,false,true,false,false,false,false,false,false,false,false,false,false,false,false,false,false,false,false,false,false,false,false,0
61,2,0,0,2019-01-09,1547010000000,"5:07 PM",-62167398754817,,"2019-01-09 10:07:25 +0000",1547028445183,0,0,0,<null>,78.4,7.97,0,0,0,0,0,0,0,0,0,0,0,0,0,0,0,378,35,6.6,0,0,0,1245,0,0,0,0,0,0,0,0,0,0,0,0,0,0,0,0,0,0,0,0,true,true,false,false,false,false,false,false,false,true,false,false,false,false,false,false,false,true,true,true,false,false,true,false,false,false,false,false,false,false,false,false,false,false,false,false,false,false,false,false,false,false,false,0
62,2,0,0,2019-01-16,1547618400000,21:16,-62167380232629,,"2019-01-16 15:16:07 +0000",1547651767371,0,0,0,<null>,78.2,7.97,0,0,0,0,0,0,0,3,0,0,0,0,0,0,0,394,35,7.9,0,0,0,1305,0,0,0,0,0,0,0,0,0,0,0,0,0,0,0,0,0,0,0,0,true,true,false,false,false,false,false,false,false,true,false,false,false,false,false,false,false,true,true,true,false,false,true,false,false,false,false,false,false,false,false,false,false,false,false,false,false,false,false,false,false,false,false,0
63,2,0,0,2019-01-23,1548223200000,21:18,-62167380098312,,"2019-01-23 15:18:21 +0000",1548256701688,0,0,0,<null>,77.6,8.12,0,0,0,0,0,0,0,0,0,0,0,0,0,0,0,393,35,7.9,0,0,0,1260,0,0,0,0,0,0,0,0,0,0,0,0,0,0,0,0,0,0,0,0,true,true,false,false,false,false,false,false,false,true,false,false,false,false,false,false,false,true,true,true,false,false,true,false,false,false,false,false,false,false,false,false,false,false,false,false,false,false,false,false,false,false,false,0
64,2,0,0,2019-01-31,1548914400000,21:22,-62167379835448,,"2019-01-31 15:22:44 +0000",1548948164552,0,0,0,<null>,78.2,8.26,0,0,0,0,0,0,0,0,0,0,0,0,0,0,0,377,36,7.1,0,0,0,1350,0,0,0,0,0,0,0,0,0,0,0,0,0,0,0,0,0,0,0,0,true,true,false,false,false,false,false,false,false,true,false,false,false,false,false,false,false,true,true,true,false,false,true,false,false,false,false,false,false,false,false,false,false,false,false,false,false,false,false,false,false,false,false,0
65,2,0,0,2019-02-08,1549605600000,21:23,-62167379775718,,"2019-02-08 15:23:44 +0000",1549639424282,0,0,0,<null>,77.8,8.14,0,0,0,0,0,0,0,3,0,0,0,0,0,0,0,408,35,8.4,0,0,0,1335,0,0,0,0,0,0,0,0,0,0,0,0,0,0,0,0,0,0,0,0,true,true,false,false,false,false,false,false,false,true,false,false,false,false,false,false,false,true,true,true,false,false,true,false,false,false,false,false,false,false,false,false,false,false,false,false,false,false,false,false,false,false,false,0
66,2,0,0,2019-02-15,1550210400000,21:25,-62167379677290,,"2019-02-15 15:25:22 +0000",1550244322710,0,0,0,<null>,77.8,8.04,0,0,0,0,0,0,0,14,0,0,0,0,0,0,0,420,35,8,0,0,0,1275,0,0,0,0,0,0,0,0,0,0,0,0,0,0,0,0,0,0,0,0,true,true,false,false,false,false,false,false,false,true,false,false,false,false,false,false,false,true,true,true,false,false,true,false,false,false,false,false,false,false,false,false,false,false,false,false,false,false,false,false,false,false,false,0
67,2,0,0,2019-02-20,1550642400000,21:27,-62167379571773,,"2019-02-20 15:27:08 +0000",1550676428227,0,0,0,<null>,77.8,8.05,0,0,0,0,0,0,0,0,0,0,0,0,0,0,0,392,35,7.2,0,0,0,1290,0,0,0,0,0,0,0,0,0,0,0,0,0,0,0,0,0,0,0,0,true,true,false,false,false,false,false,false,false,true,false,false,false,false,false,false,false,true,true,true,false,false,true,false,false,false,false,false,false,false,false,false,false,false,false,false,false,false,false,false,false,false,false,0
68,2,0,0,03/06/2019,1551852000000,20:26,-62167383231112,,"2019-03-06 14:26:08 +0000",1551882368888,0,0,0,<null>,77.5,8.01,0,0,0,0,0,0,0,2,0,0,0,0,0,0,0,377,36,6.6,0,0,0,1320,0,0,0,0,0,0,0,0,0,0,0,0,0,0,0,0,0,0,0,0,true,true,false,false,false,false,false,false,false,true,false,false,false,false,false,false,false,true,true,true,false,false,true,false,false,false,false,false,false,false,false,false,false,false,false,false,false,false,false,false,false,false,false,0
69,2,0,0,03/13/2019,1552453200000,20:27,-62167383166593,,"2019-03-13 13:27:13 +0000",1552483633407,0,0,0,<null>,78.5,8.15,0,0,0,0,0,0,0,5,0,0,0,0,0,0,0,383,35,7.3,0,0,0,1290,0,0,0,0,0,0,0,0,0,0,0,0,0,0,0,0,0,0,0,0,true,true,false,false,false,false,false,false,false,true,false,false,false,false,false,false,false,true,true,true,false,false,true,false,false,false,false,false,false,false,false,false,false,false,false,false,false,false,false,false,false,false,false,0
70,2,0,0,03/27/2019,1553662800000,20:28,-62167383108613,,"2019-03-27 13:28:11 +0000",1553693291387,0,0,0,<null>,77.8,8.12,0,0,0,0,0,0,0,1,0,0,0,0,0,0,0,380,36,7.2,0,0,0,1275,0,0,0,0,0,0,0,0,0,0,0,0,0,0,0,0,0,0,0,0,true,true,false,false,false,false,false,false,false,true,false,false,false,false,false,false,false,true,true,true,false,false,true,false,false,false,false,false,false,false,false,false,false,false,false,false,false,false,false,false,false,false,false,0
71,2,0,0,04/03/2019,1554267600000,20:28,-62167383062117,,"2019-04-03 13:28:57 +0000",1554298137883,0,0,0,<null>,78.2,8.01,0,0,0,0,0,0,0,8,0,0,0,0,0,0,0,362,36,7.5,0,0,0,1305,0,0,0,0,0,0,0,0,0,0,0,0,0,0,0,0,0,0,0,0,true,true,false,false,false,false,false,false,false,true,false,false,false,false,false,false,false,true,true,true,false,false,true,false,false,false,false,false,false,false,false,false,false,false,false,false,false,false,false,false,false,false,false,0
72,2,0,0,04/10/2019,1554872400000,20:29,-62167383000258,,"2019-04-10 13:29:59 +0000",1554902999742,0,0,0,<null>,78.1,8.06,0,0,0,0,0,0,0,1,0,0,0,0,0,0,0,379,35,7.4,0,0,0,1260,0,0,0,0,0,0,0,0,0,0,0,0,0,0,0,0,0,0,0,0,true,true,false,false,false,false,false,false,false,true,false,false,false,false,false,false,false,true,true,true,false,false,true,false,false,false,false,false,false,false,false,false,false,false,false,false,false,false,false,false,false,false,false,0
73,2,0,0,05/01/2019,1556686800000,20:30,-62167382944138,,"2019-05-01 13:30:55 +0000",1556717455862,0,0,0,<null>,78.3,8.04,0,0,0,0,0,0,0,0,0,0,0,0,0,0,0,376,36,7.3,0,0,0,1335,0,0,0,0,0,0,0,0,0,0,0,0,0,0,0,0,0,0,0,0,true,true,false,false,false,false,false,false,false,true,false,false,false,false,false,false,false,true,true,true,false,false,true,false,false,false,false,false,false,false,false,false,false,false,false,false,false,false,false,false,false,false,false,0
74,2,0,0,05/08/2019,1557291600000,20:31,-62167382891875,,"2019-05-08 13:31:48 +0000",1557322308125,0,0,0,<null>,78.6,7.95,0,0,0,0,0,0,0,1,0,0,0,0,0,0,0,387,36,7,0,0,0,1335,0,0,0,0,0,0,0,0,0,0,0,0,0,0,0,0,0,0,0,0,true,true,false,false,false,false,false,false,false,true,false,false,false,false,false,false,false,true,true,true,false,false,true,false,false,false,false,false,false,false,false,false,false,false,false,false,false,false,false,false,false,false,false,0
75,2,0,0,06/05/2019,1559710800000,20:32,-62167382840102,,"2019-06-05 13:32:39 +0000",1559741559898,0,0,0,<null>,78.3,8.06,0,0,0,0,0,0,0,18,0,0,0,0,0,0,0,358,36,7.8,0,0,0,1350,0,0,0,0,0,0,0,0,0,0,0,0,0,0,0,0,0,0,0,0,true,true,false,false,false,false,false,false,false,true,false,false,false,false,false,false,false,true,true,true,false,false,true,false,false,false,false,false,false,false,false,false,false,false,false,false,false,false,false,false,false,false,false,0
76,2,0,0,06/05/2019,1559710800000,20:32,-62167382840102,,"2019-06-05 13:32:39 +0000",1559741559898,0,0,0,<null>,78.3,8.06,0,0,0,0,0,0,0,18,0,0,0,0,0,0,0,358,36,7.8,0,0,0,1350,0,0,0,0,0,0,0,0,0,0,0,0,0,0,0,0,0,0,0,0,true,true,false,false,false,false,false,false,false,true,false,false,false,false,false,false,false,true,true,true,false,false,true,false,false,false,false,false,false,false,false,false,false,false,false,false,false,false,false,false,false,false,false,0
77,2,0,0,06/12/2019,1560315600000,20:33,-62167382774413,,"2019-06-12 13:33:45 +0000",1560346425587,0,0,0,<null>,78.4,8.05,0,0,0,0,0,0,0,5,0,0,0,0,0,0,0,371,36,6.5,0,0,0,1305,0,0,0,0,0,0,0,0,0,0,0,0,0,0,0,0,0,0,0,0,true,true,false,false,false,false,false,false,false,true,false,false,false,false,false,false,false,true,true,true,false,false,true,false,false,false,false,false,false,false,false,false,false,false,false,false,false,false,false,false,false,false,false,0
78,2,0,0,2019-06-26,1561525200000,14:45,-62167403697260,,"2019-06-26 07:45:02 +0000",1561535102740,0,0,0,<null>,78.3,8.16,0,0,0,0,0,0,0,4,0,0,0,0,0,0,0,335,36,8.8,0,0,0,1380,0,0,0,0,0,0,0,0,0,0,0,0,0,0,0,0,0,0,0,0,true,true,false,false,false,false,false,false,false,true,false,false,false,false,false,false,false,true,true,true,false,false,true,false,false,false,false,false,false,false,false,false,false,false,false,false,false,false,false,false,false,false,false,0
79,2,0,0,2019-07-10,1562731200000,12:05,-62167416883099,,"2019-07-10 04:05:16 +0000",1562731516901,0,0,0,<null>,78.9,8.07,0,0,0,0,0,0,0,0,0,0,0,0,0,0,0,336,36,7.1,0,0,0,0,0,0,0,0,0,0,0,0,0,0,0,0,0,0,0,0,0,0,0,0,true,true,false,false,false,false,false,false,false,false,false,false,false,false,false,false,false,true,true,true,false,false,false,false,false,false,false,false,false,false,false,false,false,false,false,false,false,false,false,false,false,false,false,0
80,2,0,0,2019-07-19,1563508800000,16:55,-62167399449026,,"2019-07-19 08:55:50 +0000",1563526550974,0,0,0,<null>,79.2,8.1,0,0,0,0,0,0,0,6,0,0,0,0,0,0,0,358,36,7.3,0,0,0,1395,0,0,0,0,0,0,0,0,0,0,0,0,0,0,0,0,0,0,0,0,true,true,false,false,false,false,false,false,false,true,false,false,false,false,false,false,false,true,true,true,false,false,true,false,false,false,false,false,false,false,false,false,false,false,false,false,false,false,false,false,false,false,false,0
81,2,0,0,2019-07-25,1564027200000,15:00,-62167406369654,,"2019-07-25 07:00:30 +0000",1564038030346,0,0,0,<null>,78.3,8.05,0,0,0,0,0,0,0,6,0,0,0,0,0,0,0,358,35,7.3,0,0,0,1425,0,0,0,0,0,0,0,0,0,0,0,0,0,0,0,0,0,0,0,0,true,true,false,false,false,false,false,false,false,true,false,false,false,false,false,false,false,true,true,true,false,false,true,false,false,false,false,false,false,false,false,false,false,false,false,false,false,false,false,false,false,false,false,0
82,2,0,0,2019-08-07,1565154000000,15:22,-62167401457707,,"2019-08-07 08:22:22 +0000",1565166142293,0,0,0,<null>,78.5,8.13,0,0,0,0,0,0,0,13,0,0,0,0,0,0,0,351,36,6.6,0,0,0,1395,0,0,0,0,0,0,0,0,0,0,0,0,0,0,0,0,0,0,0,0,true,true,false,false,false,false,false,false,false,true,false,false,false,false,false,false,false,true,true,true,false,false,true,false,false,false,false,false,false,false,false,false,false,false,false,false,false,false,false,false,false,false,false,0
83,2,0,0,2019-08-21,1566360000000,16:49,-62167399851425,,"2019-08-21 08:49:08 +0000",1566377348575,0,0,0,<null>,78.7,7.96,0,0,0,0,0,0,0,22,0,0,0,0,0,0,0,374,37,6.5,0,0,0,1410,0,0,0,0,0,0,0,0,0,0,0,0,0,0,0,0,0,0,0,0,true,true,false,false,false,false,false,false,false,true,false,false,false,false,false,false,false,true,true,true,false,false,true,false,false,false,false,false,false,false,false,false,false,false,false,false,false,false,false,false,false,false,false,0
84,2,0,0,2019-08-28,1566964800000,16:33,-62167400765097,,"2019-08-28 08:33:54 +0000",1566981234903,0,0,0,<null>,78.4,8.08,0,0,0,0,0,0,0,1,0,0,0,0,0,0,0,362,36,8,0,0,0,1410,0,0,0,0,0,0,0,0,0,0,0,0,0,0,0,0,0,0,0,0,true,true,false,false,false,false,false,false,false,true,false,false,false,false,false,false,false,true,true,true,false,false,true,false,false,false,false,false,false,false,false,false,false,false,false,false,false,false,false,false,false,false,false,0
85,2,0,0,2019-09-04,1567569600000,16:21,-62167401506977,,"2019-09-04 08:21:33 +0000",1567585293023,0,0,0,<null>,78.5,8.02,0,0,0,0,0,0,0,3,0,0,0,0,0,0,0,369,36,7.1,0,0,0,1395,0,0,0,0,0,0,0,0,0,0,0,0,0,0,0,0,0,0,0,0,true,true,false,false,false,false,false,false,false,true,false,false,false,false,false,false,false,true,true,true,false,false,true,false,false,false,false,false,false,false,false,false,false,false,false,false,false,false,false,false,false,false,false,0
86,2,0,0,2019-09-20,1568952000000,16:00,-62167402741366,,"2019-09-20 08:00:58 +0000",1568966458634,0,0,0,<null>,78.4,7.98,0,0,0,0,0,0,0,6,0,0,0,0,0,0,0,386,37,7.8,0,0,0,0,0,0,0,0,0,0,0,0,0,0,0,0,0,0,0,0,0,0,0,0,true,true,false,false,false,false,false,false,false,true,false,false,false,false,false,false,false,true,true,true,false,false,false,false,false,false,false,false,false,false,false,false,false,false,false,false,false,false,false,false,false,false,false,0
87,2,0,0,2019-10-09,1570593600000,15:10,-62167405784334,,"2019-10-09 07:10:15 +0000",1570605015666,0,0,0,<null>,78.1,7.97,0,0,0,0,0,0,0,0,0,0,0,0,0,0,0,380,37,5.7,0,0,0,1480,0,0,0,0,0,0,0,0,0,0,0,0,0,0,0,0,0,0,0,0,true,true,false,false,false,false,false,false,false,true,false,false,false,false,false,false,false,true,true,true,false,false,true,false,false,false,false,false,false,false,false,false,false,false,false,false,false,false,false,false,false,false,false,0
88,2,0,0,2019-10-30,1572408000000,15:54,-62167403102225,,"2019-10-30 07:54:57 +0000",1572422097775,0,0,0,<null>,77,7.92,0,0,0,0,0,0,0,19,0,0,0,0,0,0,0,368,36,7.1,0,0,0,0,0,0,0,0,0,0,0,0,0,0,0,0,0,0,0,0,0,0,0,0,true,true,false,false,false,false,false,false,false,true,false,false,false,false,false,false,false,true,true,true,false,false,false,false,false,false,false,false,false,false,false,false,false,false,false,false,false,false,false,false,false,false,false,0
89,2,0,0,2019-11-26,1574744400000,14:55,-62167406642850,,"2019-11-26 07:55:57 +0000",1574754957150,0,0,0,<null>,78,8,0,0,0,0,0,0,0,9,0,0,0,0,0,0,0,288,35,9.1,0,0,0,1420,0,0,0,0,0,0,0,0,0,0,0,0,0,0,0,0,0,0,0,0,true,true,false,false,false,false,false,false,false,true,false,false,false,false,false,false,false,true,true,true,false,false,true,false,false,false,false,false,false,false,false,false,false,false,false,false,false,false,false,false,false,false,false,0
90,2,0,0,2019-12-05,1575522000000,14:13,-62167409188936,,"2019-12-05 07:13:31 +0000",1575530011064,0,0,0,<null>,0,0,0,0,0,0,0,0,0,0,0,0,0,0,0,0,0,375,0,7.5,0,0,0,0,0,0,0,0,0,0,0,0,0,0,0,0,0,0,0,0,0,0,0,0,false,false,false,false,false,false,false,false,false,false,false,false,false,false,false,false,false,true,false,true,false,false,false,false,false,false,false,false,false,false,false,false,false,false,false,false,false,false,false,false,false,false,false,0
